repo,tags,tag_details,total_questions
argotorg/solidity,solidity,solidity:6667,6667
nomicfoundation/hardhat,hardhat|hardhat-waffle,hardhat:757|hardhat-waffle:0,757
foundry-rs/foundry,foundry|foundry-forge,foundry:3277|foundry-forge:5,3282
ethers-io/ethers.js,ethers.js|ethers,ethers.js:802|ethers:802,1604
wevm/viem,viem,viem:11,11
ethereum/web3.py,web3py|web3.py,web3py:572|web3.py:0,572
ethereum/go-ethereum,go-ethereum|geth,go-ethereum:427|geth:236,663
ethereum/eips,eip|ethereum-eip,eip:106|ethereum-eip:0,106
openzeppelin/openzeppelin-contracts,openzeppelin|openzeppelin-contracts,openzeppelin:240|openzeppelin-contracts:0,240
ethereum/consensus-specs,ethereum-consensus|proof-of-stake,ethereum-consensus:0|proof-of-stake:0,0
vyperlang/vyper,vyper,vyper:24,24
remix-project-org/remix-project,remix-solidity|remix-ide,remix-solidity:0|remix-ide:33,33
safe-global/safe-smart-account,gnosis-safe|safe-multisig,gnosis-safe:11|safe-multisig:0,11
sigp/lighthouse,lighthouse-ethereum,lighthouse-ethereum:0,0
nethermindeth/nethermind,nethermind,nethermind:0,0
eth-infinitism/account-abstraction,erc-4337|account-abstraction,erc-4337:0|account-abstraction:0,0
paulmillr/noble-curves,noble-curves,noble-curves:0,0
protofire/solhint,solhint,solhint:2,2
alloy-rs/alloy,alloy-rs,alloy-rs:0,0
paradigmxyz/reth,reth-ethereum,reth-ethereum:0,0
wighawag/hardhat-deploy,hardhat-deploy,hardhat-deploy:0,0
blockscout/blockscout,blockscout,blockscout:0,0
